data,time_start,time_stop,count_move,caps_num,size_rect,count_rect,screen
20200101,010101,010101,0,0.0,0,0,none
20200426,060649,063654,51975,1775691.3333333335,33132.5,88,20200426-060649-063654.jpg
20200426,063659,070704,51433,1797131.3333333335,49266.5,65,20200426-063659-070704.jpg
20200426,070709,073714,10,1804852.6666666667,116.5,2,20200426-070709-073714.jpg
