data,time_start,time_stop,count_move,caps_num,size_rect,count_rect,screen
20200101,010101,010101,0,0.0,0,0,none
20200426,060649,063654,51975,1775691.3333333335,33132.5,88,20200426-060649-063654.jpg
20200426,063659,070704,51433,1797131.3333333335,49266.5,65,20200426-063659-070704.jpg
20200426,070709,073714,10,1804852.6666666667,116.5,2,20200426-070709-073714.jpg
20200426,073719,080724,17847,1807155.6666666667,10597.0,45,20200426-073719-080724.jpg
20200426,080729,083734,17108,1805900.0,1272.5,8,20200426-080729-083734.jpg
20200426,083739,090744,973,1804848.0000000002,737.5,20,20200426-083739-090744.jpg
