data,time_start,time_stop,count_move,caps_num,screen
20200101,010101,010101,0,0.0,none
20200424,100751,101756,8965,604890.6666666666,20200424-100751-101756.jpg
20200424,101801,102806,12758,608695.6666666667,20200424-101801-102806.jpg
